trata,profundidade,Tempo,valor,id
Cana,p0,Tempo1,9.879717563,1
Cana,p0,Tempo1,9.742560994,2
Cana,p0,Tempo1,9.43632529,3
Cana,p0,Tempo1,10.4069132,4
Cana,p0,Tempo1,9.443204577,5
Cana,p0,Tempo1,10.71105423,6
Cana,p0,Tempo1,9.462371541,7
Cana,p0,Tempo1,10.28292179,8
Cana,p0,Tempo1,10.87198724,9
Cana,p0,Tempo1,8.666683579,10
Cana,p0,Tempo1,9.33272674,11
Cana,p0,Tempo1,9.420007198,12
Cana,p0,Tempo1,9.881570239,13
Cana,p0,Tempo1,9.329448247,14
Cana,p0,Tempo1,7.906126747,15
Cana,p0,Tempo1,8.035719843,16
Cana,p0,Tempo1,10.29206801,17
Cana,p0,Tempo1,9.316016844,18
Cana,p0,Tempo1,8.43121494,19
Cana,p0,Tempo1,9.396849587,20
Cana,p10,Tempo1,11.22880482,1
Cana,p10,Tempo1,11.63711608,2
Cana,p10,Tempo1,10.24171852,3
Cana,p10,Tempo1,10.34563837,4
Cana,p10,Tempo1,9.442102149,5
Cana,p10,Tempo1,10.77605841,6
Cana,p10,Tempo1,10.11600307,7
Cana,p10,Tempo1,10.77327007,8
Cana,p10,Tempo1,10.9229024,9
Cana,p10,Tempo1,11.12106211,10
Cana,p10,Tempo1,10.13464417,11
Cana,p10,Tempo1,10.80297307,12
Cana,p10,Tempo1,9.469794793,13
Cana,p10,Tempo1,10.02932459,14
Cana,p10,Tempo1,9.989455443,15
Cana,p10,Tempo1,9.05147541,16
Cana,p10,Tempo1,10.52167356,17
Cana,p10,Tempo1,10.62359916,18
Cana,p10,Tempo1,10.28336562,19
Cana,p10,Tempo1,10.95489794,20
Cana,p20,Tempo1,12.0639771,1
Cana,p20,Tempo1,11.67903137,2
Cana,p20,Tempo1,12.75969082,3
Cana,p20,Tempo1,12.01316409,4
Cana,p20,Tempo1,13.36646076,5
Cana,p20,Tempo1,12.24113228,6
Cana,p20,Tempo1,12.89338873,7
Cana,p20,Tempo1,12.69315516,8
Cana,p20,Tempo1,12.02969664,9
Cana,p20,Tempo1,13.44543651,10
Cana,p20,Tempo1,12.88573958,11
Cana,p20,Tempo1,12.55385639,12
Cana,p20,Tempo1,12.66593045,13
Cana,p20,Tempo1,12.90757329,14
Cana,p20,Tempo1,12.55389973,15
Cana,p20,Tempo1,10.70414595,16
Cana,p20,Tempo1,12.67092977,17
Cana,p20,Tempo1,12.27965921,18
Cana,p20,Tempo1,12.61113834,19
Cana,p20,Tempo1,12.84909424,20
Cana,p30,Tempo1,14.5398421,1
Cana,p30,Tempo1,13.26362476,2
Cana,p30,Tempo1,14.48152558,3
Cana,p30,Tempo1,13.90150887,4
Cana,p30,Tempo1,14.32310366,5
Cana,p30,Tempo1,14.25243714,6
Cana,p30,Tempo1,14.1325269,7
Cana,p30,Tempo1,13.07412864,8
Cana,p30,Tempo1,13.64588817,9
Cana,p30,Tempo1,14.0741109,10
Cana,p30,Tempo1,13.12788599,11
Cana,p30,Tempo1,13.37430271,12
Cana,p30,Tempo1,14.0485979,13
Cana,p30,Tempo1,14.16090724,14
Cana,p30,Tempo1,13.97826055,15
Cana,p30,Tempo1,13.16853422,16
Cana,p30,Tempo1,13.04013146,17
Cana,p30,Tempo1,14.60762421,18
Cana,p30,Tempo1,13.85475286,19
Cana,p30,Tempo1,13.75306414,20
Cana,p40,Tempo1,15.42746208,1
Cana,p40,Tempo1,14.78340266,2
Cana,p40,Tempo1,15.86719814,3
Cana,p40,Tempo1,15.36971609,4
Cana,p40,Tempo1,15.39034598,5
Cana,p40,Tempo1,16.0600078,6
Cana,p40,Tempo1,15.99306387,7
Cana,p40,Tempo1,16.33526983,8
Cana,p40,Tempo1,15.21429565,9
Cana,p40,Tempo1,15.89020914,10
Cana,p40,Tempo1,16.33466627,11
Cana,p40,Tempo1,14.83352667,12
Cana,p40,Tempo1,14.98352445,13
Cana,p40,Tempo1,14.82095679,14
Cana,p40,Tempo1,14.6244716,15
Cana,p40,Tempo1,15.54798953,16
Cana,p40,Tempo1,15.8919226,17
Cana,p40,Tempo1,16.22057923,18
Cana,p40,Tempo1,16.12685065,19
Cana,p40,Tempo1,14.89807481,20
Cana,p50,Tempo1,18.20908914,1
Cana,p50,Tempo1,16.69993595,2
Cana,p50,Tempo1,17.16330829,3
Cana,p50,Tempo1,16.84664647,4
Cana,p50,Tempo1,17.0265899,5
Cana,p50,Tempo1,17.21291582,6
Cana,p50,Tempo1,17.17149657,7
Cana,p50,Tempo1,17.08494447,8
Cana,p50,Tempo1,17.16484364,9
Cana,p50,Tempo1,16.80873886,10
Cana,p50,Tempo1,16.79746972,11
Cana,p50,Tempo1,16.10334055,12
Cana,p50,Tempo1,16.87059976,13
Cana,p50,Tempo1,16.79240985,14
Cana,p50,Tempo1,18.7211346,15
Cana,p50,Tempo1,16.28273026,16
Cana,p50,Tempo1,17.18235373,17
Cana,p50,Tempo1,16.20382496,18
Cana,p50,Tempo1,16.21773856,19
Cana,p50,Tempo1,17.17482143,20
Cana,p0,Tempo2,11.50006288,1
Cana,p0,Tempo2,12.62288964,2
Cana,p0,Tempo2,12.93985574,3
Cana,p0,Tempo2,10.40288623,4
Cana,p0,Tempo2,11.38268044,5
Cana,p0,Tempo2,12.7014984,6
Cana,p0,Tempo2,11.03027042,7
Cana,p0,Tempo2,11.44753052,8
Cana,p0,Tempo2,11.4138927,9
Cana,p0,Tempo2,10.61232098,10
Cana,p0,Tempo2,11.055316,11
Cana,p0,Tempo2,11.47055512,12
Cana,p0,Tempo2,11.08613115,13
Cana,p0,Tempo2,12.61338602,14
Cana,p0,Tempo2,11.01900716,15
Cana,p0,Tempo2,11.06683097,16
Cana,p0,Tempo2,12.19686258,17
Cana,p0,Tempo2,10.44363159,18
Cana,p0,Tempo2,11.45930152,19
Cana,p0,Tempo2,9.948455178,20
Cana,p10,Tempo2,13.66716955,1
Cana,p10,Tempo2,12.2263543,2
Cana,p10,Tempo2,12.03215468,3
Cana,p10,Tempo2,11.26174767,4
Cana,p10,Tempo2,12.49223797,5
Cana,p10,Tempo2,11.69971782,6
Cana,p10,Tempo2,11.96650767,7
Cana,p10,Tempo2,13.78767525,8
Cana,p10,Tempo2,12.32447413,9
Cana,p10,Tempo2,11.42821762,10
Cana,p10,Tempo2,12.66320688,11
Cana,p10,Tempo2,12.13726158,12
Cana,p10,Tempo2,13.09001355,13
Cana,p10,Tempo2,13.93242193,14
Cana,p10,Tempo2,11.50730749,15
Cana,p10,Tempo2,12.9546503,16
Cana,p10,Tempo2,12.58489806,17
Cana,p10,Tempo2,13.39556558,18
Cana,p10,Tempo2,12.27022186,19
Cana,p10,Tempo2,13.33661907,20
Cana,p20,Tempo2,12.25494414,1
Cana,p20,Tempo2,15.68945892,2
Cana,p20,Tempo2,14.86477798,3
Cana,p20,Tempo2,13.84922401,4
Cana,p20,Tempo2,12.55099287,5
Cana,p20,Tempo2,14.6430087,6
Cana,p20,Tempo2,14.48319386,7
Cana,p20,Tempo2,13.99364437,8
Cana,p20,Tempo2,14.15145589,9
Cana,p20,Tempo2,13.41589103,10
Cana,p20,Tempo2,14.36880673,11
Cana,p20,Tempo2,14.29465434,12
Cana,p20,Tempo2,13.72074063,13
Cana,p20,Tempo2,12.66376335,14
Cana,p20,Tempo2,14.70074882,15
Cana,p20,Tempo2,14.55419662,16
Cana,p20,Tempo2,13.16369341,17
Cana,p20,Tempo2,12.40541184,18
Cana,p20,Tempo2,14.20495858,19
Cana,p20,Tempo2,13.65491202,20
Cana,p30,Tempo2,16.0526117,1
Cana,p30,Tempo2,14.50599753,2
Cana,p30,Tempo2,14.84082956,3
Cana,p30,Tempo2,16.88577485,4
Cana,p30,Tempo2,16.2037749,5
Cana,p30,Tempo2,16.38648754,6
Cana,p30,Tempo2,17.61522845,7
Cana,p30,Tempo2,15.92882143,8
Cana,p30,Tempo2,13.79907076,9
Cana,p30,Tempo2,16.1337772,10
Cana,p30,Tempo2,16.97132513,11
Cana,p30,Tempo2,17.85953924,12
Cana,p30,Tempo2,14.4231384,13
Cana,p30,Tempo2,14.64914443,14
Cana,p30,Tempo2,15.09417861,15
Cana,p30,Tempo2,14.74594422,16
Cana,p30,Tempo2,15.15425628,17
Cana,p30,Tempo2,15.61462203,18
Cana,p30,Tempo2,14.59877795,19
Cana,p30,Tempo2,17.83697217,20
Cana,p40,Tempo2,16.90777474,1
Cana,p40,Tempo2,16.7158919,2
Cana,p40,Tempo2,17.29561964,3
Cana,p40,Tempo2,16.83741519,4
Cana,p40,Tempo2,16.66791196,5
Cana,p40,Tempo2,18.27678742,6
Cana,p40,Tempo2,16.58296979,7
Cana,p40,Tempo2,15.5163978,8
Cana,p40,Tempo2,17.18566789,9
Cana,p40,Tempo2,16.44848713,10
Cana,p40,Tempo2,16.27820391,11
Cana,p40,Tempo2,15.7318688,12
Cana,p40,Tempo2,17.2283659,13
Cana,p40,Tempo2,16.62598177,14
Cana,p40,Tempo2,17.31566773,15
Cana,p40,Tempo2,16.56563472,16
Cana,p40,Tempo2,16.14149657,17
Cana,p40,Tempo2,18.0502366,18
Cana,p40,Tempo2,16.52823628,19
Cana,p40,Tempo2,17.747952,20
Cana,p50,Tempo2,16.79841757,1
Cana,p50,Tempo2,17.5338839,2
Cana,p50,Tempo2,17.7306486,3
Cana,p50,Tempo2,17.60903459,4
Cana,p50,Tempo2,19.34870701,5
Cana,p50,Tempo2,17.9772353,6
Cana,p50,Tempo2,18.24422585,7
Cana,p50,Tempo2,17.05762829,8
Cana,p50,Tempo2,17.27078272,9
Cana,p50,Tempo2,18.99806891,10
Cana,p50,Tempo2,19.25848166,11
Cana,p50,Tempo2,19.24886369,12
Cana,p50,Tempo2,16.61936295,13
Cana,p50,Tempo2,20.04996069,14
Cana,p50,Tempo2,19.01687283,15
Cana,p50,Tempo2,17.97328254,16
Cana,p50,Tempo2,18.70360778,17
Cana,p50,Tempo2,17.02861477,18
Cana,p50,Tempo2,16.90384376,19
Cana,p50,Tempo2,18.04905045,20
Soja,p0,Tempo1,5.469545014,1
Soja,p0,Tempo1,4.883846665,2
Soja,p0,Tempo1,2.648444337,3
Soja,p0,Tempo1,4.446003263,4
Soja,p0,Tempo1,5.564773214,5
Soja,p0,Tempo1,5.313195037,6
Soja,p0,Tempo1,4.309183526,7
Soja,p0,Tempo1,1.800070191,8
Soja,p0,Tempo1,4.560966639,9
Soja,p0,Tempo1,5.073751697,10
Soja,p0,Tempo1,4.54580358,11
Soja,p0,Tempo1,4.65741254,12
Soja,p0,Tempo1,4.931565373,13
Soja,p0,Tempo1,4.103450264,14
Soja,p0,Tempo1,5.809978226,15
Soja,p0,Tempo1,4.9703934,16
Soja,p0,Tempo1,3.257329729,17
Soja,p0,Tempo1,5.881575456,18
Soja,p0,Tempo1,5.704458937,19
Soja,p0,Tempo1,5.324073964,20
Soja,p10,Tempo1,3.837370598,1
Soja,p10,Tempo1,4.930693656,2
Soja,p10,Tempo1,6.135513817,3
Soja,p10,Tempo1,5.543722008,4
Soja,p10,Tempo1,5.848012304,5
Soja,p10,Tempo1,7.959593549,6
Soja,p10,Tempo1,4.681619676,7
Soja,p10,Tempo1,3.386799885,8
Soja,p10,Tempo1,5.773695272,9
Soja,p10,Tempo1,4.812403159,10
Soja,p10,Tempo1,5.946041053,11
Soja,p10,Tempo1,4.687615276,12
Soja,p10,Tempo1,7.71205548,13
Soja,p10,Tempo1,5.376294028,14
Soja,p10,Tempo1,5.022664494,15
Soja,p10,Tempo1,5.333738509,16
Soja,p10,Tempo1,6.362563384,17
Soja,p10,Tempo1,5.597340485,18
Soja,p10,Tempo1,3.874383261,19
Soja,p10,Tempo1,5.495379232,20
Soja,p20,Tempo1,7.260242168,1
Soja,p20,Tempo1,6.538990913,2
Soja,p20,Tempo1,7.235072142,3
Soja,p20,Tempo1,6.353527373,4
Soja,p20,Tempo1,6.442112665,5
Soja,p20,Tempo1,6.982369466,6
Soja,p20,Tempo1,7.492943637,7
Soja,p20,Tempo1,5.253604502,8
Soja,p20,Tempo1,6.466512475,9
Soja,p20,Tempo1,6.429037819,10
Soja,p20,Tempo1,5.741079346,11
Soja,p20,Tempo1,5.465640639,12
Soja,p20,Tempo1,5.869268046,13
Soja,p20,Tempo1,7.08680772,14
Soja,p20,Tempo1,6.083677344,15
Soja,p20,Tempo1,5.71511219,16
Soja,p20,Tempo1,6.663416319,17
Soja,p20,Tempo1,5.263285765,18
Soja,p20,Tempo1,7.545873776,19
Soja,p20,Tempo1,6.015404584,20
Soja,p30,Tempo1,8.089128812,1
Soja,p30,Tempo1,7.951006332,2
Soja,p30,Tempo1,7.899759331,3
Soja,p30,Tempo1,9.709382042,4
Soja,p30,Tempo1,7.074672043,5
Soja,p30,Tempo1,9.045470452,6
Soja,p30,Tempo1,7.931573188,7
Soja,p30,Tempo1,7.064794195,8
Soja,p30,Tempo1,7.831236351,9
Soja,p30,Tempo1,8.646771687,10
Soja,p30,Tempo1,7.474481266,11
Soja,p30,Tempo1,7.127917765,12
Soja,p30,Tempo1,8.052764107,13
Soja,p30,Tempo1,8.888596845,14
Soja,p30,Tempo1,7.826541665,15
Soja,p30,Tempo1,6.512973446,16
Soja,p30,Tempo1,6.593324096,17
Soja,p30,Tempo1,7.131604675,18
Soja,p30,Tempo1,7.372891875,19
Soja,p30,Tempo1,7.878572935,20
Soja,p40,Tempo1,10.17049807,1
Soja,p40,Tempo1,9.065382961,2
Soja,p40,Tempo1,8.386120217,3
Soja,p40,Tempo1,10.10710599,4
Soja,p40,Tempo1,9.775456969,5
Soja,p40,Tempo1,10.65734707,6
Soja,p40,Tempo1,7.817519141,7
Soja,p40,Tempo1,9.587319089,8
Soja,p40,Tempo1,10.85336189,9
Soja,p40,Tempo1,10.2241738,10
Soja,p40,Tempo1,8.667447174,11
Soja,p40,Tempo1,10.23252849,12
Soja,p40,Tempo1,8.62807313,13
Soja,p40,Tempo1,9.046602489,14
Soja,p40,Tempo1,10.68753428,15
Soja,p40,Tempo1,9.209854688,16
Soja,p40,Tempo1,10.32854614,17
Soja,p40,Tempo1,9.208772291,18
Soja,p40,Tempo1,7.923637595,19
Soja,p40,Tempo1,8.651184303,20
Soja,p50,Tempo1,10.21148014,1
Soja,p50,Tempo1,10.81570943,2
Soja,p50,Tempo1,10.96368879,3
Soja,p50,Tempo1,11.14664211,4
Soja,p50,Tempo1,11.05675277,5
Soja,p50,Tempo1,13.19220204,6
Soja,p50,Tempo1,9.914001663,7
Soja,p50,Tempo1,10.8851757,8
Soja,p50,Tempo1,11.64908153,9
Soja,p50,Tempo1,12.92844227,10
Soja,p50,Tempo1,11.3885219,11
Soja,p50,Tempo1,12.53915071,12
Soja,p50,Tempo1,9.655444464,13
Soja,p50,Tempo1,12.74635653,14
Soja,p50,Tempo1,10.60943983,15
Soja,p50,Tempo1,11.02356891,16
Soja,p50,Tempo1,10.19058124,17
Soja,p50,Tempo1,11.43386932,18
Soja,p50,Tempo1,13.08533905,19
Soja,p50,Tempo1,13.72216336,20
Soja,p0,Tempo2,29.32018801,1
Soja,p0,Tempo2,28.69813007,2
Soja,p0,Tempo2,29.49834869,3
Soja,p0,Tempo2,28.45046308,4
Soja,p0,Tempo2,28.7207435,5
Soja,p0,Tempo2,30.09651344,6
Soja,p0,Tempo2,29.44201309,7
Soja,p0,Tempo2,29.24101629,8
Soja,p0,Tempo2,28.74439234,9
Soja,p0,Tempo2,29.9310329,10
Soja,p0,Tempo2,30.33491259,11
Soja,p0,Tempo2,28.13072824,12
Soja,p0,Tempo2,29.05548695,13
Soja,p0,Tempo2,29.04906691,14
Soja,p0,Tempo2,28.42164427,15
Soja,p0,Tempo2,28.00126134,16
Soja,p0,Tempo2,28.99756722,17
Soja,p0,Tempo2,29.65551188,18
Soja,p0,Tempo2,30.47684228,19
Soja,p0,Tempo2,27.09084721,20
Soja,p10,Tempo2,29.29756053,1
Soja,p10,Tempo2,29.68856978,2
Soja,p10,Tempo2,28.33684297,3
Soja,p10,Tempo2,29.24946656,4
Soja,p10,Tempo2,29.22264824,5
Soja,p10,Tempo2,29.2774303,6
Soja,p10,Tempo2,27.8111654,7
Soja,p10,Tempo2,30.21341855,8
Soja,p10,Tempo2,29.36807706,9
Soja,p10,Tempo2,31.52049119,10
Soja,p10,Tempo2,30.79595595,11
Soja,p10,Tempo2,28.54647043,12
Soja,p10,Tempo2,30.09839542,13
Soja,p10,Tempo2,29.40622902,14
Soja,p10,Tempo2,30.88828117,15
Soja,p10,Tempo2,30.05307042,16
Soja,p10,Tempo2,29.44297637,17
Soja,p10,Tempo2,30.43839704,18
Soja,p10,Tempo2,30.15260816,19
Soja,p10,Tempo2,29.83538242,20
Soja,p20,Tempo2,33.01989062,1
Soja,p20,Tempo2,30.47061411,2
Soja,p20,Tempo2,30.52921303,3
Soja,p20,Tempo2,29.45406308,4
Soja,p20,Tempo2,30.95947328,5
Soja,p20,Tempo2,31.89035631,6
Soja,p20,Tempo2,28.92861215,7
Soja,p20,Tempo2,30.74993488,8
Soja,p20,Tempo2,29.81834957,9
Soja,p20,Tempo2,32.44193727,10
Soja,p20,Tempo2,32.35789554,11
Soja,p20,Tempo2,31.33450285,12
Soja,p20,Tempo2,32.42933808,13
Soja,p20,Tempo2,30.13268215,14
Soja,p20,Tempo2,31.95065172,15
Soja,p20,Tempo2,30.41498849,16
Soja,p20,Tempo2,31.32095752,17
Soja,p20,Tempo2,30.70060398,18
Soja,p20,Tempo2,30.72145692,19
Soja,p20,Tempo2,31.54611516,20
Soja,p30,Tempo2,31.69617885,1
Soja,p30,Tempo2,32.74908553,2
Soja,p30,Tempo2,33.17100737,3
Soja,p30,Tempo2,32.59653252,4
Soja,p30,Tempo2,33.10465944,5
Soja,p30,Tempo2,32.68111921,6
Soja,p30,Tempo2,34.61834394,7
Soja,p30,Tempo2,33.7141886,8
Soja,p30,Tempo2,35.96586537,9
Soja,p30,Tempo2,32.2049224,10
Soja,p30,Tempo2,33.81436591,11
Soja,p30,Tempo2,35.09803081,12
Soja,p30,Tempo2,33.30098006,13
Soja,p30,Tempo2,31.91692486,14
Soja,p30,Tempo2,31.9936775,15
Soja,p30,Tempo2,32.96458544,16
Soja,p30,Tempo2,34.30912436,17
Soja,p30,Tempo2,33.75040049,18
Soja,p30,Tempo2,30.86163167,19
Soja,p30,Tempo2,32.29964589,20
Soja,p40,Tempo2,34.99094352,1
Soja,p40,Tempo2,33.54186651,2
Soja,p40,Tempo2,35.69452965,3
Soja,p40,Tempo2,32.53866452,4
Soja,p40,Tempo2,35.14328976,5
Soja,p40,Tempo2,34.60877788,6
Soja,p40,Tempo2,34.50883591,7
Soja,p40,Tempo2,34.71635255,8
Soja,p40,Tempo2,35.3147948,9
Soja,p40,Tempo2,35.39632658,10
Soja,p40,Tempo2,34.77439629,11
Soja,p40,Tempo2,33.07504957,12
Soja,p40,Tempo2,33.5607707,13
Soja,p40,Tempo2,33.53034223,14
Soja,p40,Tempo2,35.76186345,15
Soja,p40,Tempo2,34.75638502,16
Soja,p40,Tempo2,35.26967661,17
Soja,p40,Tempo2,33.44107248,18
Soja,p40,Tempo2,34.46441199,19
Soja,p40,Tempo2,35.56245197,20
Soja,p50,Tempo2,36.62167388,1
Soja,p50,Tempo2,36.68486401,2
Soja,p50,Tempo2,36.72793853,3
Soja,p50,Tempo2,38.01090981,4
Soja,p50,Tempo2,36.1851031,5
Soja,p50,Tempo2,37.47612646,6
Soja,p50,Tempo2,37.69859961,7
Soja,p50,Tempo2,35.6106821,8
Soja,p50,Tempo2,36.92125885,9
Soja,p50,Tempo2,36.78877831,10
Soja,p50,Tempo2,37.82914072,11
Soja,p50,Tempo2,37.71477487,12
Soja,p50,Tempo2,36.79754373,13
Soja,p50,Tempo2,36.93600955,14
Soja,p50,Tempo2,36.07984646,15
Soja,p50,Tempo2,36.60187567,16
Soja,p50,Tempo2,35.77079119,17
Soja,p50,Tempo2,35.8330441,18
Soja,p50,Tempo2,35.57918691,19
Soja,p50,Tempo2,37.6362077,20
Eucalipto,p0,Tempo1,12.88643929,1
Eucalipto,p0,Tempo1,12.74928272,2
Eucalipto,p0,Tempo1,12.44304702,3
Eucalipto,p0,Tempo1,13.41363493,4
Eucalipto,p0,Tempo1,12.44992631,5
Eucalipto,p0,Tempo1,13.71777596,6
Eucalipto,p0,Tempo1,12.46909327,7
Eucalipto,p0,Tempo1,13.28964352,8
Eucalipto,p0,Tempo1,13.87870897,9
Eucalipto,p0,Tempo1,11.67340531,10
Eucalipto,p0,Tempo1,12.33944847,11
Eucalipto,p0,Tempo1,12.42672893,12
Eucalipto,p0,Tempo1,12.88829197,13
Eucalipto,p0,Tempo1,12.33616998,14
Eucalipto,p0,Tempo1,10.91284848,15
Eucalipto,p0,Tempo1,11.04244157,16
Eucalipto,p0,Tempo1,13.29878974,17
Eucalipto,p0,Tempo1,12.32273857,18
Eucalipto,p0,Tempo1,11.43793667,19
Eucalipto,p0,Tempo1,12.40357132,20
Eucalipto,p10,Tempo1,16.22515959,1
Eucalipto,p10,Tempo1,16.63347085,2
Eucalipto,p10,Tempo1,15.23807329,3
Eucalipto,p10,Tempo1,15.34199314,4
Eucalipto,p10,Tempo1,14.43845692,5
Eucalipto,p10,Tempo1,15.77241318,6
Eucalipto,p10,Tempo1,15.11235785,7
Eucalipto,p10,Tempo1,15.76962485,8
Eucalipto,p10,Tempo1,15.91925717,9
Eucalipto,p10,Tempo1,16.11741688,10
Eucalipto,p10,Tempo1,15.13099895,11
Eucalipto,p10,Tempo1,15.79932785,12
Eucalipto,p10,Tempo1,14.46614956,13
Eucalipto,p10,Tempo1,15.02567937,14
Eucalipto,p10,Tempo1,14.98581021,15
Eucalipto,p10,Tempo1,14.04783018,16
Eucalipto,p10,Tempo1,15.51802834,17
Eucalipto,p10,Tempo1,15.61995393,18
Eucalipto,p10,Tempo1,15.27972039,19
Eucalipto,p10,Tempo1,15.95125271,20
Eucalipto,p20,Tempo1,16.20745934,1
Eucalipto,p20,Tempo1,15.82251361,2
Eucalipto,p20,Tempo1,16.90317305,3
Eucalipto,p20,Tempo1,16.15664633,4
Eucalipto,p20,Tempo1,17.50994299,5
Eucalipto,p20,Tempo1,16.38461452,6
Eucalipto,p20,Tempo1,17.03687097,7
Eucalipto,p20,Tempo1,16.8366374,8
Eucalipto,p20,Tempo1,16.17317887,9
Eucalipto,p20,Tempo1,17.58891875,10
Eucalipto,p20,Tempo1,17.02922182,11
Eucalipto,p20,Tempo1,16.69733863,12
Eucalipto,p20,Tempo1,16.80941269,13
Eucalipto,p20,Tempo1,17.05105553,14
Eucalipto,p20,Tempo1,16.69738197,15
Eucalipto,p20,Tempo1,14.84762819,16
Eucalipto,p20,Tempo1,16.81441201,17
Eucalipto,p20,Tempo1,16.42314145,18
Eucalipto,p20,Tempo1,16.75462058,19
Eucalipto,p20,Tempo1,16.99257647,20
Eucalipto,p30,Tempo1,18.31249888,1
Eucalipto,p30,Tempo1,17.03628155,2
Eucalipto,p30,Tempo1,18.25418237,3
Eucalipto,p30,Tempo1,17.67416566,4
Eucalipto,p30,Tempo1,18.09576045,5
Eucalipto,p30,Tempo1,18.02509393,6
Eucalipto,p30,Tempo1,17.90518368,7
Eucalipto,p30,Tempo1,16.84678542,8
Eucalipto,p30,Tempo1,17.41854496,9
Eucalipto,p30,Tempo1,17.84676768,10
Eucalipto,p30,Tempo1,16.90054277,11
Eucalipto,p30,Tempo1,17.1469595,12
Eucalipto,p30,Tempo1,17.82125469,13
Eucalipto,p30,Tempo1,17.93356403,14
Eucalipto,p30,Tempo1,17.75091734,15
Eucalipto,p30,Tempo1,16.94119101,16
Eucalipto,p30,Tempo1,16.81278825,17
Eucalipto,p30,Tempo1,18.38028099,18
Eucalipto,p30,Tempo1,17.62740965,19
Eucalipto,p30,Tempo1,17.52572092,20
Eucalipto,p40,Tempo1,16.37810639,1
Eucalipto,p40,Tempo1,15.73404697,2
Eucalipto,p40,Tempo1,16.81784245,3
Eucalipto,p40,Tempo1,16.3203604,4
Eucalipto,p40,Tempo1,16.34099029,5
Eucalipto,p40,Tempo1,17.01065211,6
Eucalipto,p40,Tempo1,16.94370818,7
Eucalipto,p40,Tempo1,17.28591413,8
Eucalipto,p40,Tempo1,16.16493996,9
Eucalipto,p40,Tempo1,16.84085345,10
Eucalipto,p40,Tempo1,17.28531058,11
Eucalipto,p40,Tempo1,15.78417098,12
Eucalipto,p40,Tempo1,15.93416876,13
Eucalipto,p40,Tempo1,15.7716011,14
Eucalipto,p40,Tempo1,15.57511591,15
Eucalipto,p40,Tempo1,16.49863384,16
Eucalipto,p40,Tempo1,16.84256691,17
Eucalipto,p40,Tempo1,17.17122353,18
Eucalipto,p40,Tempo1,17.07749496,19
Eucalipto,p40,Tempo1,15.84871912,20
Eucalipto,p50,Tempo1,20.75959324,1
Eucalipto,p50,Tempo1,19.25044005,2
Eucalipto,p50,Tempo1,19.71381239,3
Eucalipto,p50,Tempo1,19.39715057,4
Eucalipto,p50,Tempo1,19.577094,5
Eucalipto,p50,Tempo1,19.76341992,6
Eucalipto,p50,Tempo1,19.72200067,7
Eucalipto,p50,Tempo1,19.63544857,8
Eucalipto,p50,Tempo1,19.71534774,9
Eucalipto,p50,Tempo1,19.35924296,10
Eucalipto,p50,Tempo1,19.34797382,11
Eucalipto,p50,Tempo1,18.65384465,12
Eucalipto,p50,Tempo1,19.42110386,13
Eucalipto,p50,Tempo1,19.34291394,14
Eucalipto,p50,Tempo1,21.2716387,15
Eucalipto,p50,Tempo1,18.83323436,16
Eucalipto,p50,Tempo1,19.73285783,17
Eucalipto,p50,Tempo1,18.75432906,18
Eucalipto,p50,Tempo1,18.76824265,19
Eucalipto,p50,Tempo1,19.72532553,20
Eucalipto,p0,Tempo2,14.10307117,1
Eucalipto,p0,Tempo2,15.22589793,2
Eucalipto,p0,Tempo2,15.54286403,3
Eucalipto,p0,Tempo2,13.00589452,4
Eucalipto,p0,Tempo2,13.98568873,5
Eucalipto,p0,Tempo2,15.30450669,6
Eucalipto,p0,Tempo2,13.63327871,7
Eucalipto,p0,Tempo2,14.0505388,8
Eucalipto,p0,Tempo2,14.01690099,9
Eucalipto,p0,Tempo2,13.21532927,10
Eucalipto,p0,Tempo2,13.65832428,11
Eucalipto,p0,Tempo2,14.07356341,12
Eucalipto,p0,Tempo2,13.68913944,13
Eucalipto,p0,Tempo2,15.21639431,14
Eucalipto,p0,Tempo2,13.62201545,15
Eucalipto,p0,Tempo2,13.66983925,16
Eucalipto,p0,Tempo2,14.79987086,17
Eucalipto,p0,Tempo2,13.04663987,18
Eucalipto,p0,Tempo2,14.06230981,19
Eucalipto,p0,Tempo2,12.55146346,20
Eucalipto,p10,Tempo2,19.04720755,1
Eucalipto,p10,Tempo2,17.6063923,2
Eucalipto,p10,Tempo2,17.41219267,3
Eucalipto,p10,Tempo2,16.64178567,4
Eucalipto,p10,Tempo2,17.87227596,5
Eucalipto,p10,Tempo2,17.07975582,6
Eucalipto,p10,Tempo2,17.34654567,7
Eucalipto,p10,Tempo2,19.16771324,8
Eucalipto,p10,Tempo2,17.70451213,9
Eucalipto,p10,Tempo2,16.80825561,10
Eucalipto,p10,Tempo2,18.04324488,11
Eucalipto,p10,Tempo2,17.51729958,12
Eucalipto,p10,Tempo2,18.47005155,13
Eucalipto,p10,Tempo2,19.31245992,14
Eucalipto,p10,Tempo2,16.88734549,15
Eucalipto,p10,Tempo2,18.33468829,16
Eucalipto,p10,Tempo2,17.96493606,17
Eucalipto,p10,Tempo2,18.77560358,18
Eucalipto,p10,Tempo2,17.65025986,19
Eucalipto,p10,Tempo2,18.71665707,20
Eucalipto,p20,Tempo2,19.85035594,1
Eucalipto,p20,Tempo2,23.28487072,2
Eucalipto,p20,Tempo2,22.46018978,3
Eucalipto,p20,Tempo2,21.44463581,4
Eucalipto,p20,Tempo2,20.14640467,5
Eucalipto,p20,Tempo2,22.2384205,6
Eucalipto,p20,Tempo2,22.07860566,7
Eucalipto,p20,Tempo2,21.58905617,8
Eucalipto,p20,Tempo2,21.74686769,9
Eucalipto,p20,Tempo2,21.01130283,10
Eucalipto,p20,Tempo2,21.96421853,11
Eucalipto,p20,Tempo2,21.89006614,12
Eucalipto,p20,Tempo2,21.31615243,13
Eucalipto,p20,Tempo2,20.25917514,14
Eucalipto,p20,Tempo2,22.29616062,15
Eucalipto,p20,Tempo2,22.14960842,16
Eucalipto,p20,Tempo2,20.75910521,17
Eucalipto,p20,Tempo2,20.00082364,18
Eucalipto,p20,Tempo2,21.80037038,19
Eucalipto,p20,Tempo2,21.25032382,20
Eucalipto,p30,Tempo2,18.98486426,1
Eucalipto,p30,Tempo2,17.43825009,2
Eucalipto,p30,Tempo2,17.77308211,3
Eucalipto,p30,Tempo2,19.81802741,4
Eucalipto,p30,Tempo2,19.13602746,5
Eucalipto,p30,Tempo2,19.31874009,6
Eucalipto,p30,Tempo2,20.547481,7
Eucalipto,p30,Tempo2,18.86107398,8
Eucalipto,p30,Tempo2,16.73132332,9
Eucalipto,p30,Tempo2,19.06602975,10
Eucalipto,p30,Tempo2,19.90357768,11
Eucalipto,p30,Tempo2,20.7917918,12
Eucalipto,p30,Tempo2,17.35539096,13
Eucalipto,p30,Tempo2,17.58139699,14
Eucalipto,p30,Tempo2,18.02643116,15
Eucalipto,p30,Tempo2,17.67819677,16
Eucalipto,p30,Tempo2,18.08650883,17
Eucalipto,p30,Tempo2,18.54687459,18
Eucalipto,p30,Tempo2,17.5310305,19
Eucalipto,p30,Tempo2,20.76922472,20
Eucalipto,p40,Tempo2,20.43089324,1
Eucalipto,p40,Tempo2,20.23901039,2
Eucalipto,p40,Tempo2,20.81873813,3
Eucalipto,p40,Tempo2,20.36053368,4
Eucalipto,p40,Tempo2,20.19103045,5
Eucalipto,p40,Tempo2,21.79990592,6
Eucalipto,p40,Tempo2,20.10608828,7
Eucalipto,p40,Tempo2,19.03951629,8
Eucalipto,p40,Tempo2,20.70878638,9
Eucalipto,p40,Tempo2,19.97160562,10
Eucalipto,p40,Tempo2,19.8013224,11
Eucalipto,p40,Tempo2,19.25498729,12
Eucalipto,p40,Tempo2,20.75148439,13
Eucalipto,p40,Tempo2,20.14910026,14
Eucalipto,p40,Tempo2,20.83878622,15
Eucalipto,p40,Tempo2,20.08875321,16
Eucalipto,p40,Tempo2,19.66461507,17
Eucalipto,p40,Tempo2,21.5733551,18
Eucalipto,p40,Tempo2,20.05135478,19
Eucalipto,p40,Tempo2,21.27107049,20
Eucalipto,p50,Tempo2,21.89154545,1
Eucalipto,p50,Tempo2,22.62701178,2
Eucalipto,p50,Tempo2,22.82377648,3
Eucalipto,p50,Tempo2,22.70216247,4
Eucalipto,p50,Tempo2,24.44183489,5
Eucalipto,p50,Tempo2,23.07036318,6
Eucalipto,p50,Tempo2,23.33735373,7
Eucalipto,p50,Tempo2,22.15075617,8
Eucalipto,p50,Tempo2,22.3639106,9
Eucalipto,p50,Tempo2,24.09119679,10
Eucalipto,p50,Tempo2,24.35160954,11
Eucalipto,p50,Tempo2,24.34199157,12
Eucalipto,p50,Tempo2,21.71249083,13
Eucalipto,p50,Tempo2,25.14308857,14
Eucalipto,p50,Tempo2,24.11000071,15
Eucalipto,p50,Tempo2,23.06641041,16
Eucalipto,p50,Tempo2,23.79673566,17
Eucalipto,p50,Tempo2,22.12174265,18
Eucalipto,p50,Tempo2,21.99697164,19
Eucalipto,p50,Tempo2,23.14217833,20
Mata_nativa,p0,Tempo1,8.31588721,1
Mata_nativa,p0,Tempo1,7.730188861,2
Mata_nativa,p0,Tempo1,5.494786533,3
Mata_nativa,p0,Tempo1,7.292345459,4
Mata_nativa,p0,Tempo1,8.41111541,5
Mata_nativa,p0,Tempo1,8.159537233,6
Mata_nativa,p0,Tempo1,7.155525722,7
Mata_nativa,p0,Tempo1,4.646412387,8
Mata_nativa,p0,Tempo1,7.407308835,9
Mata_nativa,p0,Tempo1,7.920093893,10
Mata_nativa,p0,Tempo1,7.392145775,11
Mata_nativa,p0,Tempo1,7.503754736,12
Mata_nativa,p0,Tempo1,7.777907569,13
Mata_nativa,p0,Tempo1,6.94979246,14
Mata_nativa,p0,Tempo1,8.656320422,15
Mata_nativa,p0,Tempo1,7.816735596,16
Mata_nativa,p0,Tempo1,6.103671925,17
Mata_nativa,p0,Tempo1,8.727917652,18
Mata_nativa,p0,Tempo1,8.550801133,19
Mata_nativa,p0,Tempo1,8.170416159,20
Mata_nativa,p10,Tempo1,9.809252819,1
Mata_nativa,p10,Tempo1,10.90257588,2
Mata_nativa,p10,Tempo1,12.10739604,3
Mata_nativa,p10,Tempo1,11.51560423,4
Mata_nativa,p10,Tempo1,11.81989452,5
Mata_nativa,p10,Tempo1,13.93147577,6
Mata_nativa,p10,Tempo1,10.6535019,7
Mata_nativa,p10,Tempo1,9.358682106,8
Mata_nativa,p10,Tempo1,11.74557749,9
Mata_nativa,p10,Tempo1,10.78428538,10
Mata_nativa,p10,Tempo1,11.91792327,11
Mata_nativa,p10,Tempo1,10.6594975,12
Mata_nativa,p10,Tempo1,13.6839377,13
Mata_nativa,p10,Tempo1,11.34817625,14
Mata_nativa,p10,Tempo1,10.99454671,15
Mata_nativa,p10,Tempo1,11.30562073,16
Mata_nativa,p10,Tempo1,12.3344456,17
Mata_nativa,p10,Tempo1,11.56922271,18
Mata_nativa,p10,Tempo1,9.846265482,19
Mata_nativa,p10,Tempo1,11.46726145,20
Mata_nativa,p20,Tempo1,15.03728565,1
Mata_nativa,p20,Tempo1,14.31603439,2
Mata_nativa,p20,Tempo1,15.01211562,3
Mata_nativa,p20,Tempo1,14.13057085,4
Mata_nativa,p20,Tempo1,14.21915614,5
Mata_nativa,p20,Tempo1,14.75941294,6
Mata_nativa,p20,Tempo1,15.26998711,7
Mata_nativa,p20,Tempo1,13.03064798,8
Mata_nativa,p20,Tempo1,14.24355595,9
Mata_nativa,p20,Tempo1,14.2060813,10
Mata_nativa,p20,Tempo1,13.51812282,11
Mata_nativa,p20,Tempo1,13.24268412,12
Mata_nativa,p20,Tempo1,13.64631152,13
Mata_nativa,p20,Tempo1,14.8638512,14
Mata_nativa,p20,Tempo1,13.86072082,15
Mata_nativa,p20,Tempo1,13.49215567,16
Mata_nativa,p20,Tempo1,14.4404598,17
Mata_nativa,p20,Tempo1,13.04032924,18
Mata_nativa,p20,Tempo1,15.32291725,19
Mata_nativa,p20,Tempo1,13.79244806,20
Mata_nativa,p30,Tempo1,12.69781518,1
Mata_nativa,p30,Tempo1,12.5596927,2
Mata_nativa,p30,Tempo1,12.5084457,3
Mata_nativa,p30,Tempo1,14.31806841,4
Mata_nativa,p30,Tempo1,11.68335841,5
Mata_nativa,p30,Tempo1,13.65415682,6
Mata_nativa,p30,Tempo1,12.54025955,7
Mata_nativa,p30,Tempo1,11.67348056,8
Mata_nativa,p30,Tempo1,12.43992272,9
Mata_nativa,p30,Tempo1,13.25545805,10
Mata_nativa,p30,Tempo1,12.08316763,11
Mata_nativa,p30,Tempo1,11.73660413,12
Mata_nativa,p30,Tempo1,12.66145047,13
Mata_nativa,p30,Tempo1,13.49728321,14
Mata_nativa,p30,Tempo1,12.43522803,15
Mata_nativa,p30,Tempo1,11.12165981,16
Mata_nativa,p30,Tempo1,11.20201046,17
Mata_nativa,p30,Tempo1,11.74029104,18
Mata_nativa,p30,Tempo1,11.98157824,19
Mata_nativa,p30,Tempo1,12.4872593,20
Mata_nativa,p40,Tempo1,14.73414848,1
Mata_nativa,p40,Tempo1,13.62903337,2
Mata_nativa,p40,Tempo1,12.94977062,3
Mata_nativa,p40,Tempo1,14.6707564,4
Mata_nativa,p40,Tempo1,14.33910737,5
Mata_nativa,p40,Tempo1,15.22099747,6
Mata_nativa,p40,Tempo1,12.38116955,7
Mata_nativa,p40,Tempo1,14.15096949,8
Mata_nativa,p40,Tempo1,15.4170123,9
Mata_nativa,p40,Tempo1,14.78782421,10
Mata_nativa,p40,Tempo1,13.23109758,11
Mata_nativa,p40,Tempo1,14.79617889,12
Mata_nativa,p40,Tempo1,13.19172353,13
Mata_nativa,p40,Tempo1,13.61025289,14
Mata_nativa,p40,Tempo1,15.25118468,15
Mata_nativa,p40,Tempo1,13.77350509,16
Mata_nativa,p40,Tempo1,14.89219655,17
Mata_nativa,p40,Tempo1,13.7724227,18
Mata_nativa,p40,Tempo1,12.487288,19
Mata_nativa,p40,Tempo1,13.21483471,20
Mata_nativa,p50,Tempo1,14.60192423,1
Mata_nativa,p50,Tempo1,15.20615352,2
Mata_nativa,p50,Tempo1,15.35413288,3
Mata_nativa,p50,Tempo1,15.5370862,4
Mata_nativa,p50,Tempo1,15.44719686,5
Mata_nativa,p50,Tempo1,17.58264613,6
Mata_nativa,p50,Tempo1,14.30444575,7
Mata_nativa,p50,Tempo1,15.27561979,8
Mata_nativa,p50,Tempo1,16.03952562,9
Mata_nativa,p50,Tempo1,17.31888636,10
Mata_nativa,p50,Tempo1,15.77896599,11
Mata_nativa,p50,Tempo1,16.9295948,12
Mata_nativa,p50,Tempo1,14.04588856,13
Mata_nativa,p50,Tempo1,17.13680062,14
Mata_nativa,p50,Tempo1,14.99988392,15
Mata_nativa,p50,Tempo1,15.41401301,16
Mata_nativa,p50,Tempo1,14.58102533,17
Mata_nativa,p50,Tempo1,15.82431341,18
Mata_nativa,p50,Tempo1,17.47578314,19
Mata_nativa,p50,Tempo1,18.11260745,20
Mata_nativa,p0,Tempo2,36.55013161,1
Mata_nativa,p0,Tempo2,35.92807367,2
Mata_nativa,p0,Tempo2,36.72829228,3
Mata_nativa,p0,Tempo2,35.68040668,4
Mata_nativa,p0,Tempo2,35.95068709,5
Mata_nativa,p0,Tempo2,37.32645704,6
Mata_nativa,p0,Tempo2,36.67195669,7
Mata_nativa,p0,Tempo2,36.47095989,8
Mata_nativa,p0,Tempo2,35.97433594,9
Mata_nativa,p0,Tempo2,37.1609765,10
Mata_nativa,p0,Tempo2,37.56485618,11
Mata_nativa,p0,Tempo2,35.36067183,12
Mata_nativa,p0,Tempo2,36.28543055,13
Mata_nativa,p0,Tempo2,36.27901051,14
Mata_nativa,p0,Tempo2,35.65158787,15
Mata_nativa,p0,Tempo2,35.23120494,16
Mata_nativa,p0,Tempo2,36.22751082,17
Mata_nativa,p0,Tempo2,36.88545548,18
Mata_nativa,p0,Tempo2,37.70678588,19
Mata_nativa,p0,Tempo2,34.32079081,20
Mata_nativa,p10,Tempo2,33.47167082,1
Mata_nativa,p10,Tempo2,33.86268008,2
Mata_nativa,p10,Tempo2,32.51095326,3
Mata_nativa,p10,Tempo2,33.42357685,4
Mata_nativa,p10,Tempo2,33.39675853,5
Mata_nativa,p10,Tempo2,33.45154059,6
Mata_nativa,p10,Tempo2,31.98527569,7
Mata_nativa,p10,Tempo2,34.38752884,8
Mata_nativa,p10,Tempo2,33.54218736,9
Mata_nativa,p10,Tempo2,35.69460149,10
Mata_nativa,p10,Tempo2,34.97006624,11
Mata_nativa,p10,Tempo2,32.72058073,12
Mata_nativa,p10,Tempo2,34.27250572,13
Mata_nativa,p10,Tempo2,33.58033931,14
Mata_nativa,p10,Tempo2,35.06239146,15
Mata_nativa,p10,Tempo2,34.22718071,16
Mata_nativa,p10,Tempo2,33.61708667,17
Mata_nativa,p10,Tempo2,34.61250733,18
Mata_nativa,p10,Tempo2,34.32671845,19
Mata_nativa,p10,Tempo2,34.00949271,20
Mata_nativa,p20,Tempo2,35.76193583,1
Mata_nativa,p20,Tempo2,33.21265932,2
Mata_nativa,p20,Tempo2,33.27125823,3
Mata_nativa,p20,Tempo2,32.19610828,4
Mata_nativa,p20,Tempo2,33.70151848,5
Mata_nativa,p20,Tempo2,34.63240151,6
Mata_nativa,p20,Tempo2,31.67065735,7
Mata_nativa,p20,Tempo2,33.49198008,8
Mata_nativa,p20,Tempo2,32.56039478,9
Mata_nativa,p20,Tempo2,35.18398247,10
Mata_nativa,p20,Tempo2,35.09994074,11
Mata_nativa,p20,Tempo2,34.07654805,12
Mata_nativa,p20,Tempo2,35.17138328,13
Mata_nativa,p20,Tempo2,32.87472735,14
Mata_nativa,p20,Tempo2,34.69269693,15
Mata_nativa,p20,Tempo2,33.1570337,16
Mata_nativa,p20,Tempo2,34.06300273,17
Mata_nativa,p20,Tempo2,33.44264919,18
Mata_nativa,p20,Tempo2,33.46350212,19
Mata_nativa,p20,Tempo2,34.28816036,20
Mata_nativa,p30,Tempo2,36.52031618,1
Mata_nativa,p30,Tempo2,37.57322287,2
Mata_nativa,p30,Tempo2,37.99514471,3
Mata_nativa,p30,Tempo2,37.42066986,4
Mata_nativa,p30,Tempo2,37.92879678,5
Mata_nativa,p30,Tempo2,37.50525655,6
Mata_nativa,p30,Tempo2,39.44248127,7
Mata_nativa,p30,Tempo2,38.53832594,8
Mata_nativa,p30,Tempo2,40.79000271,9
Mata_nativa,p30,Tempo2,37.02905973,10
Mata_nativa,p30,Tempo2,38.63850325,11
Mata_nativa,p30,Tempo2,39.92216815,12
Mata_nativa,p30,Tempo2,38.12511739,13
Mata_nativa,p30,Tempo2,36.74106219,14
Mata_nativa,p30,Tempo2,36.81781483,15
Mata_nativa,p30,Tempo2,37.78872277,16
Mata_nativa,p30,Tempo2,39.1332617,17
Mata_nativa,p30,Tempo2,38.57453782,18
Mata_nativa,p30,Tempo2,35.68576901,19
Mata_nativa,p30,Tempo2,37.12378323,20
Mata_nativa,p40,Tempo2,44.47475091,1
Mata_nativa,p40,Tempo2,43.0256739,2
Mata_nativa,p40,Tempo2,45.17833703,3
Mata_nativa,p40,Tempo2,42.02247191,4
Mata_nativa,p40,Tempo2,44.62709715,5
Mata_nativa,p40,Tempo2,44.09258527,6
Mata_nativa,p40,Tempo2,43.9926433,7
Mata_nativa,p40,Tempo2,44.20015993,8
Mata_nativa,p40,Tempo2,44.79860219,9
Mata_nativa,p40,Tempo2,44.88013396,10
Mata_nativa,p40,Tempo2,44.25820368,11
Mata_nativa,p40,Tempo2,42.55885696,12
Mata_nativa,p40,Tempo2,43.04457809,13
Mata_nativa,p40,Tempo2,43.01414961,14
Mata_nativa,p40,Tempo2,45.24567083,15
Mata_nativa,p40,Tempo2,44.2401924,16
Mata_nativa,p40,Tempo2,44.75348399,17
Mata_nativa,p40,Tempo2,42.92487987,18
Mata_nativa,p40,Tempo2,43.94821938,19
Mata_nativa,p40,Tempo2,45.04625936,20
Mata_nativa,p50,Tempo2,45.70430022,1
Mata_nativa,p50,Tempo2,45.76749036,2
Mata_nativa,p50,Tempo2,45.81056487,3
Mata_nativa,p50,Tempo2,47.09353615,4
Mata_nativa,p50,Tempo2,45.26772944,5
Mata_nativa,p50,Tempo2,46.5587528,6
Mata_nativa,p50,Tempo2,46.78122595,7
Mata_nativa,p50,Tempo2,44.69330844,8
Mata_nativa,p50,Tempo2,46.00388519,9
Mata_nativa,p50,Tempo2,45.87140466,10
Mata_nativa,p50,Tempo2,46.91176706,11
Mata_nativa,p50,Tempo2,46.79740121,12
Mata_nativa,p50,Tempo2,45.88017007,13
Mata_nativa,p50,Tempo2,46.01863589,14
Mata_nativa,p50,Tempo2,45.1624728,15
Mata_nativa,p50,Tempo2,45.68450201,16
Mata_nativa,p50,Tempo2,44.85341754,17
Mata_nativa,p50,Tempo2,44.91567045,18
Mata_nativa,p50,Tempo2,44.66181325,19
Mata_nativa,p50,Tempo2,46.71883405,20
